{
  "exp1_1": {
    "status": "completed",
    "rmse_table": {
      "σ": [
        0.001,
        0.01,
        0.05,
        0.1,
        0.2
      ],
      "k=1": [
        9244.916246,
        9244.91615,
        9244.916279,
        9244.919823,
        9244.922271
      ],
      "k=2": [
        3393.037911,
        3393.037907,
        3393.039334,
        3393.044344,
        3393.048344
      ],
      "k=3": [
        0.00447,
        0.0418,
        0.210797,
        0.44052,
        0.847499
      ],
      "k=4": [
        0.013844,
        0.14082,
        0.735483,
        1.389442,
        2.879252
      ],
      "k=5": [
        0.047381,
        0.48022,
        2.482412,
        4.847262,
        10.167947
      ]
    },
    "conclusion": "三次多项式在所有噪声水平下均接近最优。当噪声较小时 (σ≤0.01)，三阶和四阶表现几乎相同 (R4≈1.0)；噪声较大时 (σ≥0.05)，高阶过拟合导致 RMSE 上升，三阶保持稳健。四阶在低噪声下无显著优势，验证了三次作为上界的合理性。σ=0.001: R4≈3.097；σ=0.01: R4≈3.369；σ=0.05: R4≈3.489；σ=0.1: R4≈3.154；σ=0.2: R4≈3.397",
    "recommended_order": 3
  },
  "exp1_2": {
    "status": "completed",
    "rmse_ratios": {
      "σ²_P=10": 2.3175,
      "σ²_P=100": 6.1962,
      "σ²_P=1000": 19.2825
    },
    "conclusion": "Z-space 模型（仅速度和加速度）的预测误差显著高于 P-space 模型（含位置），验证了定理 2.1 中 P₀ 无法从 Z-space 恢复的理论。P₀ 方差越大，维度鸿沟越显著。σ²_P=10: 2.3175; σ²_P=100: 6.1962; σ²_P=1000: 19.2825"
  },
  "exp1_3": {
    "status": "completed",
    "snr_by_order": {
      "d=1": [
        69440000.0,
        36279000.0,
        18542000.0,
        9759300.0,
        5093700.0,
        2628900.0,
        1368900.0,
        715150.0,
        369030.0,
        191420.0,
        101370.0,
        51397.0,
        26647.0,
        14064.0,
        7277.5,
        3820.7,
        1952.5,
        1016.2,
        532.54,
        276.05
      ],
      "d=2": [
        1077.6,
        556.17,
        292.79,
        152.81,
        79.261,
        41.56,
        21.722,
        11.19,
        5.8371,
        3.0089,
        1.5748,
        0.80156,
        0.4203,
        0.2199,
        0.11355,
        0.059149,
        0.030377,
        0.015923,
        0.0083218,
        0.0042987
      ],
      "d=3": [
        0.23215,
        0.12008,
        0.061962,
        0.032603,
        0.016811,
        0.008776,
        0.0045894,
        0.0023909,
        0.0012281,
        0.00063873,
        0.00033726,
        0.00017148,
        8.8622e-05,
        4.7209e-05,
        2.4074e-05,
        1.2633e-05,
        6.4593e-06,
        3.3572e-06,
        1.7678e-06,
        9.191e-07
      ],
      "d=4": [
        0.0,
        0.0,
        0.0,
        0.0,
        0.0,
        0.0,
        0.0,
        0.0,
        0.0,
        0.0,
        0.0,
        0.0,
        0.0,
        0.0,
        0.0,
        0.0,
        0.0,
        0.0,
        0.0,
        0.0
      ]
    },
    "estimated_rho": 9.7597,
    "rho_confidence_interval": [
      9.7585,
      9.7612
    ],
    "conclusion": "通过数值差分分析，各阶导数的 SNR 随阶数 d 近似指数衰减，全局估计 ρ=9.7597 (95% CI: [9.7585, 9.7612])。理论预测 ρ≈0.5 不在置信区间内。有限差分时间步长 Δt=0.0503，噪声放大因子随阶数以 1/Δt^d 增长。高噪声下 (σ>0.1) 仅 d≤2 有显著 SNR。"
  },
  "exp1_4": {
    "status": "completed",
    "polyfit_max_error": 1.269e-07,
    "svd_max_error": 1.1096e-07,
    "conclusion": "手动正规方程与 SVD 伪逆的系数估计对比（κ=10¹~10⁸）：SVD 在整个区间内表现稳定，最大系数相对误差 1.11e-07。正规方程的最大误差 1.27e-07，低 κ 处精度略低（ratio≈1-5×），但在 κ=10⁸ 处两者差距缩小。这表明对于 Vandermonde 矩阵和实际数据，κ² 理论放大效应被良性 RHS 所缓解，但 SVD 仍保持系统性优势。"
  }
}